id,firstName,lastName,age
1,Emma,Jones,24
2,Emma,Jones,21
3,Emma,Brown,25
4,Olivia,Davis,20
5,Jane,Williams,30
6,Emma,Moore,39
7,David,Wilson,39
8,Daniel,Brown,30
9,Christopher,Davis,33
10,Sarah,Davis,39
11,Michael,Taylor,27
12,Emma,Davis,33
13,Daniel,Williams,34
14,Emma,Miller,38
15,Olivia,Wilson,35
16,Christopher,Smith,37
17,John,Moore,36
18,John,Miller,40
19,Emma,Jones,30
20,David,Moore,24
21,Sarah,Jones,23
22,Jane,Williams,36
23,Sarah,Taylor,22
24,Olivia,Taylor,34
25,Daniel,Jones,36
26,Emma,Miller,24
27,Jane,Brown,28
28,John,Jones,29
29,Michael,Wilson,23
30,Olivia,Moore,28
31,Michael,Smith,27
32,Sarah,Williams,34
33,Emma,Jones,31
34,Christopher,Wilson,26
35,Sarah,Brown,29
36,Olivia,Smith,28
37,David,Jones,20
38,Michael,Miller,30
39,Sarah,Davis,39
40,Olivia,Smith,22
41,Olivia,Brown,31
42,John,Davis,37
43,Daniel,Moore,37
44,Sarah,Williams,34
45,Daniel,Moore,27
46,John,Taylor,27
47,Olivia,Williams,26
48,Sarah,Johnson,29
49,Emily,Moore,32
50,Olivia,Wilson,21
51,Emily,Wilson,39
52,David,Brown,36
53,Daniel,Miller,20
54,Daniel,Johnson,27
55,Christopher,Brown,20
56,David,Moore,32
57,Emily,Williams,26
58,Sarah,Davis,22
59,Jane,Johnson,26
60,Emma,Brown,32
61,Jane,Moore,39
62,Olivia,Wilson,40
63,Sarah,Jones,29
64,Emily,Jones,33
65,Christopher,Williams,35
66,Emily,Moore,24
67,Sarah,Brown,22
68,Emma,Miller,35
69,Emma,Moore,23
70,Jane,Taylor,34
71,Emma,Johnson,26
72,Emily,Johnson,37
73,David,Smith,31
74,Jane,Smith,28
75,Michael,Williams,34
76,Daniel,Johnson,33
77,Olivia,Miller,26
78,Michael,Wilson,24
79,Michael,Smith,31
80,Olivia,Moore,26
81,Daniel,Johnson,25
82,David,Miller,36
83,Sarah,Williams,29
84,Jane,Johnson,36
85,David,Taylor,23
86,Sarah,Moore,23
87,Daniel,Moore,23
88,Emma,Moore,29
89,Christopher,Miller,36
90,Sarah,Brown,36
91,Christopher,Miller,20
92,Olivia,Johnson,20
93,Olivia,Jones,39